Workbook

Sheet Tabelle2
D2: Wir | F2: Kinder
D3: Mittag | E3: Abend | F3: Mittag | G3: Abend
B4: 44186 | E4: =VLOOKUP(ROUNDUP(RAND()*35,0),Übersicht!$A$2:$B$37,2,2) -> Möhren Ingwer Suppe | G4: =VLOOKUP(ROUNDUP(RAND()*11,0),Kinder!$A$2:$B$12,2,2) -> Nudeln mit Butter
B5: 44187 | D5: =E4 -> Möhren Ingwer Suppe | E5: =VLOOKUP(ROUNDUP(RAND()*35,0),Übersicht!$A$2:$B$37,2,2) -> Zucchini Hack Auflauf | F5: =G4 -> Nudeln mit Butter | G5: =VLOOKUP(ROUNDUP(RAND()*35,0),Kinder!$A$2:$B$12,2,2) -> Frikadellen
B6: 44188 | D6: =E5 -> Zucchini Hack Auflauf | E6: =VLOOKUP(ROUNDUP(RAND()*35,0),Übersicht!$A$2:$B$37,2,2) -> Steak, Pommes, Mais | F6: =G5 -> Frikadellen | G6: =VLOOKUP(ROUNDUP(RAND()*35,0),Kinder!$A$2:$B$12,2,2) -> Frikadellen
B7: 44189 | D7: =E6 -> Steak, Pommes, Mais | E7: =VLOOKUP(ROUNDUP(RAND()*35,0),Übersicht!$A$2:$B$37,2,2) -> Bratwurst, Kohlrabi und Kartoffelpüree | F7: =G6 -> Frikadellen | G7: =VLOOKUP(ROUNDUP(RAND()*35,0),Kinder!$A$2:$B$12,2,2) -> Frikadellen
B8: 44190 | D8: =E7 -> Bratwurst, Kohlrabi und Kartoffelpüree | E8: =VLOOKUP(ROUNDUP(RAND()*35,0),Übersicht!$A$2:$B$37,2,2) -> Burger & Pommes | F8: =G7 -> Frikadellen | G8: =VLOOKUP(ROUNDUP(RAND()*35,0),Kinder!$A$2:$B$12,2,2) -> Frikadellen
B9: 44191 | D9: =E8 -> Burger & Pommes | E9: =VLOOKUP(ROUNDUP(RAND()*35,0),Übersicht!$A$2:$B$37,2,2) -> Thai Curry | F9: =G8 -> Frikadellen | G9: =VLOOKUP(ROUNDUP(RAND()*35,0),Kinder!$A$2:$B$12,2,2) -> Frikadellen
B10: 44192 | D10: =E9 -> Thai Curry | E10: =VLOOKUP(ROUNDUP(RAND()*35,0),Übersicht!$A$2:$B$37,2,2) -> Spätzle Hähnchen | F10: =G9 -> Frikadellen | G10: =VLOOKUP(ROUNDUP(RAND()*35,0),Kinder!$A$2:$B$12,2,2) -> Frikadellen
B14: 44186 | D14: Hähnchen von Lore | E14: =VLOOKUP(ROUNDUP(RAND()*35,0),Übersicht!$A$2:$B$37,2,2) -> Fisch, senfsauce, Kartoffeln, Salat | G14: =VLOOKUP(ROUNDUP(RAND()*11,0),Kinder!$A$2:$B$12,2,2) -> Risibisi
B15: 44187 | D15: =E14 -> Fisch, senfsauce, Kartoffeln, Salat | E15: =VLOOKUP(ROUNDUP(RAND()*35,0),Übersicht!$A$2:$B$37,2,2) -> Bauernfrühstück | F15: =G14 -> Risibisi | G15: =VLOOKUP(ROUNDUP(RAND()*35,0),Kinder!$A$2:$B$12,2,2) -> Frikadellen
B16: 44188 | D16: =E15 -> Bauernfrühstück | E16: =VLOOKUP(ROUNDUP(RAND()*35,0),Übersicht!$A$2:$B$37,2,2) -> Hähnchenbrust mit Broccoli | F16: =G15 -> Frikadellen | G16: =VLOOKUP(ROUNDUP(RAND()*35,0),Kinder!$A$2:$B$12,2,2) -> Frikadellen
B17: 44189 | D17: =E16 -> Hähnchenbrust mit Broccoli | E17: =VLOOKUP(ROUNDUP(RAND()*35,0),Übersicht!$A$2:$B$37,2,2) -> Schweinefilet, Süßkartoffelpüree & Lebkuchen | F17: =G16 -> Frikadellen | G17: =VLOOKUP(ROUNDUP(RAND()*35,0),Kinder!$A$2:$B$12,2,2) -> Risibisi
B18: 44190 | D18: =E17 -> Schweinefilet, Süßkartoffelpüree & Lebkuchen | E18: =VLOOKUP(ROUNDUP(RAND()*35,0),Übersicht!$A$2:$B$37,2,2) -> Schweinefilet, Süßkartoffelpüree & Lebkuchen | F18: =G17 -> Risibisi | G18: =VLOOKUP(ROUNDUP(RAND()*35,0),Kinder!$A$2:$B$12,2,2) -> Lasagne
B19: 44191 | D19: =E18 -> Schweinefilet, Süßkartoffelpüree & Lebkuchen | E19: =VLOOKUP(ROUNDUP(RAND()*35,0),Übersicht!$A$2:$B$37,2,2) -> Lasagne | F19: =G18 -> Lasagne | G19: =VLOOKUP(ROUNDUP(RAND()*35,0),Kinder!$A$2:$B$12,2,2) -> Frikadellen
B20: 44192 | D20: =E19 -> Lasagne | E20: =VLOOKUP(ROUNDUP(RAND()*35,0),Übersicht!$A$2:$B$37,2,2) -> Bruchetta | F20: =G19 -> Frikadellen | G20: =VLOOKUP(ROUNDUP(RAND()*35,0),Kinder!$A$2:$B$12,2,2) -> Frikadellen
D22: Wir | F22: Kinder
D23: Mittag | E23: Abend | F23: Mittag | G23: Abend
B25: Montag | I25: Katja
B26: Dienstag
B27: Mittwoch | E27: Flickerklopse
B28: Donnerstag | E28: Brotzeit | I28: Abends: kleiner Salat
B29: Freitag | D29: Flickerklopse | E29: Pizza | I29: Mittags: Tortilla
B30: Samstag | D30: Pizza | E30: Bratwurst, Kohlrabi und Kartoffelpüree
B31: Sonntag | D31: Nudeln mit Butter | E31: Steak
B32: Montag | D32: Sandwiches | E32: Fisch + Weißweinsauce
B33: Dienstag | D33: Frikadelle + Mörenuntereinander | E33: Wraps
B34: Mittwoch | D34: Hot Dog | E34: Grillen
B35: Donnerstag | D35: Schinkennudeln | E35: Brotzeit
B36: Freitag | D36: Hähnchenbrust, Mais, Reis | E36: Burger
B37: Samstag | D37: ?? | E37: ??
B38: Sonntag | D38: Nudeln mit Butter | E38: Pizza

Sheet Kinder
A2: 1 | B2: Rösti mit Apfelmus
A3: 2 | B3: Nudeln mit Butter
A4: 3 | B4: Fischstäbchen, Kartoffeln, Erbsen uns Möhren
A5: 4 | B5: Risibisi
A6: 5 | B6: Flickerklopse
A7: 6 | B7: Pizza
A8: 7 | B8: Lasagne
A9: 8 | B9: Pfannekuchen
A10: 9 | B10: Raclette
A11: 10 | B11: Wraps
A12: 11 | B12: Frikadellen
A13: 12 | B13: Fischstäbchen, Kartoffeln, Erbsen uns Möhren

Sheet Übersicht
A2: 1 | B2: Steak, Pommes, Mais
A3: 2 | B3: Schweinefilet, Süßkartoffelpüree & Lebkuchen
A4: 3 | B4: Züricher Geschnetzeltes
A5: 4 | B5: Bratwurst, Kohlrabi und Kartoffelpüree
A6: 5 | B6: Bratwurst mit Möhren und Kartoffeln
A7: 6 | B7: Leberkäs
A8: 7 | B8: Frikadellen
A9: 8 | B9: Hähnchenbrust mit Broccoli
A10: 9 | B10: Burger & Pommes
A11: 10 | B11: Hähnchenbrust, Mais, Reis
A12: 11 | B12: Spaghetti mit Garnelen
A13: 12 | B13: Spaghetti Bolognese
... A37: 36 | B37: Hühnersuppe

Sheet Fleisch
A3: Steak, Pommes, Mais
A4: Schweinefilet, Süßkartoffelpüree & Lebkuchen
A5: Züricher Geschnetzeltes
A6: Bratwurst, Kohlrabi und Kartoffelpüree
A7: Bratwurst mit Möhren und Kartoffeln
A8: Leberkäs
A9: Frikadellen
A10: Hähnchenbrust mit Broccoli
A11: Burger & Pommes
A12: Hähnchenbrust, Mais, Reis
A13: Schnitzel, Kartoffeln

Sheet Nudeln
A3: Spaghetti mit Garnelen
A4: Spaghetti Bolognese
A5: Lasagne
A6: Tortellini a la panna
A7: Maccaroni Spinat
A8: Schinkennudeln

Sheet Suppen, Eintopf
A3: Möhren Ingwer Suppe
A4: Gemüsesuppe
A5: Chili con Carne
A6: Linsensuppe
A7: Weißen Bohnensuppe

Sheet Auflauf
A3: Spätzle Hähnchen
A4: Zucchini Hack Auflauf

Sheet Fisch
A3: Garnelen
A4: gegrillte Dorade
A5: Fisch, senfsauce, Kartoffeln, Salat

Sheet Sonstiges
A3: Spinat
A4: Bauernfrühstück
A5: Massaman
A6: Bruchetta
A7: Thai Curry
A8: Raclette

Sheet Salat
A3: Salat mit Putenbrust
A4: Salat mit Ziegenkäse
A5: Salat mit Bratkartoffeln und Spiegelei
